class,supported,observed_in_final_test,tp,fp,fn,precision,recall,f1
almond,True,False,0,0,0,,,
apple,True,True,27,34,45,0.4426229508196721,0.375,0.40601503759398494
asparagus,True,False,0,0,0,,,
avocado,True,True,1,2,2,0.3333333333333333,0.3333333333333333,0.3333333333333333
banana,True,True,114,57,160,0.6666666666666666,0.41605839416058393,0.5123595505617977
beans,False,True,0,0,13,,0.0,0.0
beet,True,False,0,0,0,,,
bell pepper,True,True,28,16,51,0.6363636363636364,0.35443037974683544,0.45528455284552843
blackberry,True,False,0,2,0,0.0,,0.0
blueberry,True,True,1,1,36,0.5,0.02702702702702703,0.05128205128205128
broccoli,True,True,136,88,64,0.6071428571428571,0.68,0.6415094339622641
brussels sprouts,True,False,0,0,0,,,
cabbage,True,False,0,0,0,,,
carrot,True,True,115,49,204,0.7012195121951219,0.3605015673981191,0.47619047619047616
cauliflower,True,True,18,4,9,0.8181818181818182,0.6666666666666666,0.7346938775510204
celery,True,True,2,4,18,0.3333333333333333,0.1,0.15384615384615385
cherry,True,True,2,0,3,1.0,0.4,0.5714285714285714
corn,True,True,18,5,21,0.782608695652174,0.46153846153846156,0.5806451612903226
cucumber,True,True,10,4,29,0.7142857142857143,0.2564102564102564,0.37735849056603776
egg,False,False,0,0,0,,,
eggplant,True,False,0,2,0,0.0,,0.0
garlic,True,True,5,11,14,0.3125,0.2631578947368421,0.2857142857142857
grape,True,True,41,11,36,0.7884615384615384,0.5324675324675324,0.6356589147286822
green bean,True,True,51,43,46,0.5425531914893617,0.5257731958762887,0.5340314136125655
green onion,True,False,0,0,0,,,
hot pepper,True,True,21,7,27,0.75,0.4375,0.5526315789473685
kiwi,True,False,0,0,0,,,
lemon,True,True,10,7,6,0.5882352941176471,0.625,0.6060606060606061
lettuce,True,True,16,14,53,0.5333333333333333,0.2318840579710145,0.32323232323232326
lime,True,True,5,1,5,0.8333333333333334,0.5,0.625
mandarin,True,False,0,0,0,,,
mushroom,True,True,28,32,50,0.4666666666666667,0.358974358974359,0.4057971014492754
onion,True,True,20,26,100,0.43478260869565216,0.16666666666666666,0.24096385542168675
orange,True,True,64,9,51,0.8767123287671232,0.5565217391304348,0.6808510638297872
pattypan squash,False,False,0,0,0,,,
pea,True,True,86,12,51,0.8775510204081632,0.6277372262773723,0.7319148936170212
peach,True,False,0,0,0,,,
pear,True,True,6,0,7,1.0,0.46153846153846156,0.631578947368421
pineapple,True,True,1,0,12,1.0,0.07692307692307693,0.14285714285714285
potato,True,True,38,15,67,0.7169811320754716,0.3619047619047619,0.4810126582278481
pumpkin,True,True,5,1,14,0.8333333333333334,0.2631578947368421,0.4
radish,True,True,0,1,6,0.0,0.0,0.0
raspberry,True,True,1,2,2,0.3333333333333333,0.3333333333333333,0.3333333333333333
strawberry,True,True,11,12,78,0.4782608695652174,0.12359550561797752,0.19642857142857142
tomato,True,True,63,22,147,0.7411764705882353,0.3,0.4271186440677966
vegetable marrow,True,True,19,8,19,0.7037037037037037,0.5,0.5846153846153846
watermelon,True,False,0,8,0,0.0,,0.0
